{"cameraMode":{"drawMode":0,"name":"Shaded","section":"Shading Mode"},"sceneLighting":false,"audioPlay":false,"sceneViewState":{"showFog":false,"showMaterialUpdate":false,"showSkybox":false,"showFlares":false,"showImageEffects":false,"showParticleSystems":false},"in2DMode":false,"pivot":{"x":-7.375920295715332,"y":2.0899999141693117,"z":-1.5587592124938965},"rotation":{"x":0.07360179722309113,"y":0.3567802608013153,"z":-0.028196463361382486,"w":0.9308844804763794},"size":2.811277389526367,"orthographic":true}