{"cameraMode":{"drawMode":0,"name":"Shaded","section":"Shading Mode"},"sceneLighting":true,"audioPlay":false,"sceneViewState":{"showFog":false,"showMaterialUpdate":false,"showSkybox":false,"showFlares":false,"showImageEffects":false,"showParticleSystems":false},"in2DMode":false,"pivot":{"x":12.104385375976563,"y":-6.737693786621094,"z":35.862892150878909},"rotation":{"x":-0.13312126696109773,"y":0.39204835891723635,"z":-0.05745250731706619,"w":-0.9084627032279968},"size":40.97648239135742,"orthographic":false}