{"cameraMode":{"drawMode":0,"name":"Shaded","section":"Shading Mode"},"sceneLighting":false,"audioPlay":false,"sceneViewState":{"showFog":false,"showMaterialUpdate":false,"showSkybox":false,"showFlares":false,"showImageEffects":false,"showParticleSystems":false},"in2DMode":false,"pivot":{"x":6.325783729553223,"y":1.3661489486694337,"z":-1.5794968605041505},"rotation":{"x":0.16028659045696259,"y":-0.23731523752212525,"z":0.03974952921271324,"w":0.9573165774345398},"size":1.51650869846344,"orthographic":true}