{"cameraMode":{"drawMode":0,"name":"Shaded","section":"Shading Mode"},"sceneLighting":false,"audioPlay":false,"sceneViewState":{"showFog":false,"showMaterialUpdate":false,"showSkybox":false,"showFlares":false,"showImageEffects":false,"showParticleSystems":false},"in2DMode":false,"pivot":{"x":-0.0013159029185771943,"y":0.054327670484781268,"z":0.10094690322875977},"rotation":{"x":0.15767331421375276,"y":-0.34172070026397707,"z":0.058270879089832309,"w":0.924648642539978},"size":2.025567054748535,"orthographic":true}