{"cameraMode":{"drawMode":0,"name":"Shaded","section":"Shading Mode"},"sceneLighting":false,"audioPlay":false,"sceneViewState":{"showFog":false,"showMaterialUpdate":false,"showSkybox":false,"showFlares":false,"showImageEffects":false,"showParticleSystems":false},"in2DMode":false,"pivot":{"x":-8.479000091552735,"y":0.7681309580802918,"z":4.335999965667725},"rotation":{"x":0.03040429577231407,"y":0.9626904726028442,"z":-0.23956865072250367,"w":0.12223754823207855},"size":0.8182973861694336,"orthographic":true}