{"cameraMode":{"drawMode":0,"name":"Shaded","section":"Shading Mode"},"sceneLighting":false,"audioPlay":false,"sceneViewState":{"showFog":false,"showMaterialUpdate":false,"showSkybox":false,"showFlares":false,"showImageEffects":false,"showParticleSystems":false},"in2DMode":false,"pivot":{"x":-22.587928771972658,"y":3.57314395904541,"z":13.796910285949707},"rotation":{"x":-0.1395011991262436,"y":-0.24042335152626038,"z":0.034940049052238467,"w":-0.9599632024765015},"size":84.55338287353516,"orthographic":false}