{"cameraMode":{"drawMode":0,"name":"Shaded","section":"Shading Mode"},"sceneLighting":false,"audioPlay":false,"sceneViewState":{"showFog":false,"showMaterialUpdate":false,"showSkybox":false,"showFlares":false,"showImageEffects":false,"showParticleSystems":false},"in2DMode":false,"pivot":{"x":6.10958194732666,"y":2.863868236541748,"z":-32.417537689208987},"rotation":{"x":0.11556483060121536,"y":0.8083142042160034,"z":-0.16924549639225007,"w":0.5519440770149231},"size":22.26529312133789,"orthographic":true}