{"cameraMode":{"drawMode":0,"name":"Shaded","section":"Shading Mode"},"sceneLighting":false,"audioPlay":false,"sceneViewState":{"showFog":false,"showMaterialUpdate":false,"showSkybox":false,"showFlares":false,"showImageEffects":false,"showParticleSystems":false},"in2DMode":false,"pivot":{"x":-0.012775063514709473,"y":0.7507783770561218,"z":1.7047145366668702},"rotation":{"x":0.13426217436790467,"y":-0.5052784085273743,"z":0.07993517816066742,"w":0.8486951589584351},"size":8.208459854125977,"orthographic":true}