{"cameraMode":{"drawMode":0,"name":"Shaded","section":"Shading Mode"},"sceneLighting":false,"audioPlay":false,"sceneViewState":{"showFog":false,"showMaterialUpdate":false,"showSkybox":false,"showFlares":false,"showImageEffects":false,"showParticleSystems":false},"in2DMode":false,"pivot":{"x":-0.5195217132568359,"y":0.8538460731506348,"z":62.660888671875},"rotation":{"x":0.003262933576479554,"y":-0.9860979914665222,"z":0.1651090532541275,"w":0.019525254145264627},"size":39.4366455078125,"orthographic":true}