{"cameraMode":{"drawMode":0,"name":"Shaded","section":"Shading Mode"},"sceneLighting":false,"audioPlay":false,"sceneViewState":{"showFog":false,"showMaterialUpdate":false,"showSkybox":false,"showFlares":false,"showImageEffects":false,"showParticleSystems":false},"in2DMode":false,"pivot":{"x":1.935241460800171,"y":5.756429672241211,"z":62.38343048095703},"rotation":{"x":0.008544152602553368,"y":0.9847392439842224,"z":-0.16639991104602815,"w":0.05055759474635124},"size":50.28309631347656,"orthographic":true}