{"cameraMode":{"drawMode":0,"name":"Shaded","section":"Shading Mode"},"sceneLighting":false,"audioPlay":false,"sceneViewState":{"showFog":false,"showMaterialUpdate":false,"showSkybox":false,"showFlares":false,"showImageEffects":false,"showParticleSystems":false},"in2DMode":false,"pivot":{"x":52.759986877441409,"y":4.119999885559082,"z":9.599991798400879},"rotation":{"x":0.05306302011013031,"y":-0.6666721701622009,"z":0.047681815922260287,"w":0.7419611811637878},"size":10.15197467803955,"orthographic":true}