{"cameraMode":{"drawMode":0,"name":"Shaded","section":"Shading Mode"},"sceneLighting":false,"audioPlay":false,"sceneViewState":{"showFog":false,"showMaterialUpdate":false,"showSkybox":false,"showFlares":false,"showImageEffects":false,"showParticleSystems":false},"in2DMode":false,"pivot":{"x":-16.701751708984376,"y":2.25,"z":-7.339249134063721},"rotation":{"x":0.18190504610538484,"y":-0.28731465339660647,"z":0.055679839104413989,"w":0.9387796521186829},"size":2.444528818130493,"orthographic":true}