{"cameraMode":{"drawMode":0,"name":"Shaded","section":"Shading Mode"},"sceneLighting":false,"audioPlay":false,"sceneViewState":{"showFog":false,"showMaterialUpdate":false,"showSkybox":false,"showFlares":false,"showImageEffects":false,"showParticleSystems":false},"in2DMode":false,"pivot":{"x":-0.057776451110839847,"y":0.021345138549804689,"z":0.0328516960144043},"rotation":{"x":0.17562110722064973,"y":0.3773293197154999,"z":-0.07311423122882843,"w":0.9063329100608826},"size":14.547886848449707,"orthographic":true}