{"cameraMode":{"drawMode":0,"name":"Shaded","section":"Shading Mode"},"sceneLighting":false,"audioPlay":false,"sceneViewState":{"showFog":false,"showMaterialUpdate":false,"showSkybox":false,"showFlares":false,"showImageEffects":false,"showParticleSystems":false},"in2DMode":false,"pivot":{"x":-0.7434313297271729,"y":2.9941253662109377,"z":-20.06925392150879},"rotation":{"x":0.12415403127670288,"y":-0.3463934361934662,"z":0.04631438106298447,"w":0.9287176728248596},"size":4.494046211242676,"orthographic":true}