{"cameraMode":{"drawMode":0,"name":"Shaded","section":"Shading Mode"},"sceneLighting":false,"audioPlay":false,"sceneViewState":{"showFog":false,"showMaterialUpdate":false,"showSkybox":false,"showFlares":false,"showImageEffects":false,"showParticleSystems":false},"in2DMode":false,"pivot":{"x":-9.513161659240723,"y":-0.13102447986602784,"z":4.311190128326416},"rotation":{"x":0.3321555256843567,"y":0.3357570469379425,"z":-0.12787581980228425,"w":0.8721185326576233},"size":4.06256103515625,"orthographic":true}