{"cameraMode":{"drawMode":0,"name":"Shaded","section":"Shading Mode"},"sceneLighting":false,"audioPlay":false,"sceneViewState":{"showFog":false,"showMaterialUpdate":false,"showSkybox":false,"showFlares":false,"showImageEffects":false,"showParticleSystems":false},"in2DMode":false,"pivot":{"x":0.7751580476760864,"y":-0.46210622787475588,"z":1.7023420333862305},"rotation":{"x":0.04669059067964554,"y":-0.880729615688324,"z":0.08880539983510971,"w":0.46288883686065676},"size":9.29107666015625,"orthographic":true}