{"cameraMode":{"drawMode":0,"name":"Shaded","section":"Shading Mode"},"sceneLighting":false,"audioPlay":false,"sceneViewState":{"showFog":false,"showMaterialUpdate":false,"showSkybox":false,"showFlares":false,"showImageEffects":false,"showParticleSystems":false},"in2DMode":false,"pivot":{"x":4.804691791534424,"y":3.440887451171875,"z":-20.302200317382814},"rotation":{"x":0.08418090641498566,"y":0.43842145800590517,"z":-0.041287217289209369,"w":0.8938677906990051},"size":5.602494239807129,"orthographic":true}