{"cameraMode":{"drawMode":0,"name":"Shaded","section":"Shading Mode"},"sceneLighting":false,"audioPlay":false,"sceneViewState":{"showFog":false,"showMaterialUpdate":false,"showSkybox":false,"showFlares":false,"showImageEffects":false,"showParticleSystems":false},"in2DMode":false,"pivot":{"x":0.31015896797180178,"y":1.0122694969177247,"z":3.895928382873535},"rotation":{"x":0.008544152602553368,"y":0.9847392439842224,"z":-0.16639991104602815,"w":0.05055759474635124},"size":5.792448997497559,"orthographic":true}