{"cameraMode":{"drawMode":0,"name":"Shaded","section":"Shading Mode"},"sceneLighting":false,"audioPlay":false,"sceneViewState":{"showFog":false,"showMaterialUpdate":false,"showSkybox":false,"showFlares":false,"showImageEffects":false,"showParticleSystems":false},"in2DMode":false,"pivot":{"x":1.4901161193847657e-8,"y":0.13972540199756623,"z":0.0},"rotation":{"x":0.21236944198608399,"y":0.42142173647880556,"z":-0.10216968506574631,"w":0.875748872756958},"size":1.8927624225616456,"orthographic":false}