{"cameraMode":{"drawMode":0,"name":"Shaded","section":"Shading Mode"},"sceneLighting":false,"audioPlay":false,"sceneViewState":{"showFog":false,"showMaterialUpdate":false,"showSkybox":false,"showFlares":false,"showImageEffects":false,"showParticleSystems":false},"in2DMode":false,"pivot":{"x":1.503000020980835,"y":-0.6225588321685791,"z":-1.134000539779663},"rotation":{"x":0.17562110722064973,"y":0.3773293197154999,"z":-0.07311423122882843,"w":0.9063329100608826},"size":3.8601388931274416,"orthographic":true}