{"cameraMode":{"drawMode":0,"name":"Shaded","section":"Shading Mode"},"sceneLighting":false,"audioPlay":false,"sceneViewState":{"showFog":false,"showMaterialUpdate":false,"showSkybox":false,"showFlares":false,"showImageEffects":false,"showParticleSystems":false},"in2DMode":false,"pivot":{"x":-2.3336000442504885,"y":-0.06773042678833008,"z":9.420027732849121},"rotation":{"x":0.16171099245548249,"y":-0.1518130898475647,"z":0.02519645355641842,"w":0.9747886657714844},"size":34.18177032470703,"orthographic":true}